{"cameraMode":{"drawMode":31,"name":"Sprite Mask","section":"Miscellaneous"},"sceneLighting":false,"audioPlay":false,"sceneViewState":{"showFog":true,"showMaterialUpdate":false,"showSkybox":false,"showFlares":true,"showImageEffects":true,"showParticleSystems":true},"in2DMode":false,"pivot":{"x":-12.260000228881836,"y":1.9900000095367432,"z":4.760000228881836},"rotation":{"x":-0.04152879863977432,"y":0.9515302777290344,"z":-0.14849403500556947,"w":-0.26611071825027468},"size":22.0,"orthographic":false}