{"cameraMode":{"drawMode":31,"name":"Sprite Mask","section":"Miscellaneous"},"sceneLighting":false,"audioPlay":false,"sceneViewState":{"showFog":true,"showMaterialUpdate":false,"showSkybox":false,"showFlares":true,"showImageEffects":true,"showParticleSystems":true},"in2DMode":false,"pivot":{"x":-12.260000228881836,"y":1.9900000095367432,"z":4.760000228881836},"rotation":{"x":0.0017322917701676489,"y":0.9981549382209778,"z":-0.04975872114300728,"w":0.034750837832689288},"size":22.0,"orthographic":false}