{"cameraMode":{"drawMode":31,"name":"Sprite Mask","section":"Miscellaneous"},"sceneLighting":true,"audioPlay":false,"sceneViewState":{"showFog":true,"showMaterialUpdate":false,"showSkybox":true,"showFlares":true,"showImageEffects":true,"showParticleSystems":true},"in2DMode":false,"pivot":{"x":-24.838340759277345,"y":16.13784408569336,"z":10.8857421875},"rotation":{"x":0.1671176552772522,"y":-0.0679762214422226,"z":0.011549912393093109,"w":0.9835237264633179},"size":73.66183471679688,"orthographic":false}