{"cameraMode":{"drawMode":31,"name":"Sprite Mask","section":"Miscellaneous"},"sceneLighting":false,"audioPlay":false,"sceneViewState":{"showFog":true,"showMaterialUpdate":false,"showSkybox":false,"showFlares":true,"showImageEffects":true,"showParticleSystems":true},"in2DMode":false,"pivot":{"x":-12.260000228881836,"y":8.569999694824219,"z":-0.6100000143051148},"rotation":{"x":0.06006420776247978,"y":0.9383121132850647,"z":-0.21062247455120088,"w":0.2675831913948059},"size":4.286825656890869,"orthographic":false}