{"cameraMode":{"drawMode":31,"name":"Sprite Mask","section":"Miscellaneous"},"sceneLighting":false,"audioPlay":false,"sceneViewState":{"showFog":true,"showMaterialUpdate":false,"showSkybox":false,"showFlares":true,"showImageEffects":true,"showParticleSystems":true},"in2DMode":false,"pivot":{"x":471.76824951171877,"y":486.18499755859377,"z":74.2164306640625},"rotation":{"x":0.024307215586304666,"y":0.002993931295350194,"z":-0.00007321944576688111,"w":0.9997008442878723},"size":1161.473388671875,"orthographic":false}